train_schedules,target_schedule,split,model,feature_set,feature_transform,window,n,mae,rmse,r2,signed_bias,max_abs_error,endpoint_abs_diff,log_residual_mae
cosine,cosine,train,momentum_baseline,none,aligned,full,16454,0.03233900437067206,0.040413590175866855,0.9531105867716734,0.00042619333705065453,0.176202208154697,0.0413117703349406,0.011481569840105841
cosine,cosine,train,momentum_baseline,none,aligned,pre_tail_1000_27125,13063,0.032508668369574105,0.04055007296438365,0.9546270388633188,-0.00011142221162149326,0.176202208154697,0.009313354630139159,0.011388387348631554
cosine,cosine,train,momentum_baseline,none,aligned,tail_27126_33906,3391,0.03168541521772093,0.03988345870165528,0.041927055836934124,0.002497226044896207,0.138561078148848,0.0413117703349406,0.011840532649344593
cosine,cosine,train,momentum_baseline,none,aligned,early_decay_27126_30000,1438,0.03159922657814771,0.03973069751878974,0.014110223610691586,-0.00022306850606110227,0.13740107479557917,0.05552269141080268,0.011766747427078028
cosine,cosine,train,momentum_baseline,none,aligned,endpoint_30000_33906,1954,0.03176104292493659,0.04000505194656985,-0.00739035648681563,0.0045262992432803,0.138561078148848,0.0413117703349406,0.011899485408021195
cosine,cosine,train,momentum_baseline,none,aligned,last_2048_sampled,2048,0.03166922450913761,0.03992262090627103,-0.006127469350383219,0.004479880716838745,0.138561078148848,0.0413117703349406,0.011864029550301686
cosine,cosine,train,momentum_baseline,none,aligned,last_512_sampled,512,0.0323853742352774,0.040601287845274434,-0.007760964863668285,0.0036205649687847986,0.13197878443264255,0.0413117703349406,0.012143882352961873
cosine,811,test,momentum_baseline,none,aligned,full,16454,0.035786677452969595,0.044917079432651615,0.9356011148197827,0.01321151805496938,0.1833267369260998,0.058343827724042896,0.012588561510482526
cosine,811,test,momentum_baseline,none,aligned,pre_tail_1000_27125,13063,0.035897724227758165,0.04499936634733364,0.9321137275853664,0.014977759531008595,0.1833267369260998,0.022164973386674447,0.012447430035751678
cosine,811,test,momentum_baseline,none,aligned,tail_27126_33906,3391,0.035358896851653436,0.044598670242173316,0.03145569419894911,0.006407503781451169,0.1633332522191182,0.058343827724042896,0.01313223607680783
cosine,811,test,momentum_baseline,none,aligned,early_decay_27126_30000,1438,0.039195045112751035,0.04963617873782878,-0.4431911946338223,0.021248921263580817,0.1633332522191182,0.0544410128038475,0.014419865981570548
cosine,811,test,momentum_baseline,none,aligned,endpoint_30000_33906,1954,0.03254554010472091,0.040499253337113385,0.025319819029573032,-0.004490103603543735,0.14762860940402645,0.058343827724042896,0.012188350194080698
cosine,811,test,momentum_baseline,none,aligned,last_2048_sampled,2048,0.032416249889189584,0.040386037037046234,0.03944765124845617,-0.004211482873508487,0.14762860940402645,0.058343827724042896,0.012135487801894919
cosine,811,test,momentum_baseline,none,aligned,last_512_sampled,512,0.034096744081436106,0.042137785433193964,-0.09009490168107748,-0.012147904941387837,0.14762860940402645,0.058343827724042896,0.012801640769817204
cosine,wsd,test,momentum_baseline,none,aligned,full,16454,0.03772038950173981,0.04727466039406645,0.9263125221222073,0.02083323488154805,0.19079639100935175,0.04566822982802332,0.013282397319634065
cosine,wsd,test,momentum_baseline,none,aligned,pre_tail_1000_27125,13063,0.037452139062562194,0.04691294751646918,0.9264417911562046,0.020133221316229355,0.19079639100935175,0.02707568086042933,0.013018561923132648
cosine,wsd,test,momentum_baseline,none,aligned,tail_27126_33906,3391,0.03875375885797014,0.04864293911703619,0.16530596920383311,0.02352986631881083,0.17018541155138633,0.04566822982802332,0.014298758801349799
cosine,wsd,test,momentum_baseline,none,aligned,early_decay_27126_30000,1438,0.0457455260570762,0.056200108179740284,-0.5263705356798856,0.0394138975420894,0.17018541155138633,0.0826127090682327,0.016657533464664632
cosine,wsd,test,momentum_baseline,none,aligned,endpoint_30000_33906,1954,0.033630779184426494,0.04225317405807368,-0.029384434072413423,0.011870626781285157,0.1463478837697627,0.04566822982802332,0.012571284458576732
cosine,wsd,test,momentum_baseline,none,aligned,last_2048_sampled,2048,0.033818500438614396,0.042537748476090195,-0.03152059913986127,0.012689153799092266,0.16124220174539472,0.04566822982802332,0.012634277024229576
cosine,wsd,test,momentum_baseline,none,aligned,last_512_sampled,512,0.032466789435841165,0.04040861527782263,0.0016626177046190627,0.0014885610279139413,0.13557383403272016,0.04566822982802332,0.012203736243880117
cosine,cosine,train,step_reference,none,aligned,full,16454,0.028670504569023,0.03595052841137934,0.9628951664096043,-0.0002393853588812054,0.15576432735023849,0.02012983169656657,0.010182325601344923
cosine,cosine,train,step_reference,none,aligned,pre_tail_1000_27125,13063,0.028838804185086386,0.03610792019229623,0.964023509895932,-0.00023985180372506547,0.15576432735023849,0.008020690892257765,0.010106819297605098
cosine,cosine,train,step_reference,none,aligned,tail_27126_33906,3391,0.028022171368009694,0.035337663874017475,0.24787743209667923,-0.00023758849394598156,0.11855450512891874,0.02012983169656657,0.010473195210826887
cosine,cosine,train,step_reference,none,aligned,early_decay_27126_30000,1438,0.027737724040992107,0.03507076249752398,0.231813978313961,-0.0001922391654487472,0.11855450512891874,0.037491492249113634,0.010330066364717257
cosine,cosine,train,step_reference,none,aligned,endpoint_30000_33906,1954,0.028236349759582058,0.03553393265975676,0.20520585022811066,-0.0002516536186317356,0.11850535936371465,0.02012983169656657,0.010580425320240547
cosine,cosine,train,step_reference,none,aligned,last_2048_sampled,2048,0.028151878812260837,0.03542402806126752,0.2078438411984166,-0.00022301273110746545,0.11850535936371465,0.02012983169656657,0.010547886690280214
cosine,cosine,train,step_reference,none,aligned,last_512_sampled,512,0.029156210071694964,0.03677979028420866,0.17301732619996657,-0.00045076389420533637,0.10294349480978005,0.02012983169656657,0.010932949307814521
cosine,811,test,step_reference,none,aligned,full,16454,0.03300693323096685,0.0414991883272929,0.9450288865049937,0.012563361728367703,0.16864698936864597,0.03731579335317514,0.011619217510474475
cosine,811,test,step_reference,none,aligned,pre_tail_1000_27125,13063,0.033117010840274706,0.04152536609682081,0.9421909136232596,0.014868209464053851,0.16864698936864597,0.023515832624626753,0.011494899335107918
cosine,811,test,step_reference,none,aligned,tail_27126_33906,3391,0.032582886103161346,0.041398190150593504,0.16547686218993984,0.0036844982747351014,0.1500207175271835,0.03731579335317514,0.012098122943919853
cosine,811,test,step_reference,none,aligned,early_decay_27126_30000,1438,0.03641535791081885,0.04634449271692975,-0.2581240272162326,0.021285982501374437,0.1500207175271835,0.03629772913419238,0.01338813278052429
cosine,811,test,step_reference,none,aligned,endpoint_30000_33906,1954,0.02976437043459407,0.03733917456719224,0.17149043145036091,-0.009252206478104158,0.13120783320783236,0.03731579335317514,0.011149560626167062
cosine,811,test,step_reference,none,aligned,last_2048_sampled,2048,0.029611777423443737,0.03714769642645908,0.18731482869887772,-0.008900177560175563,0.13120783320783236,0.03731579335317514,0.011088442748089747
cosine,811,test,step_reference,none,aligned,last_512_sampled,512,0.03200176036556697,0.040109982063537504,0.012298236259637996,-0.016190473057048432,0.11695918291695762,0.03731579335317514,0.012018072357799349
cosine,wsd,test,step_reference,none,aligned,full,16454,0.035007276419870094,0.04377417951093696,0.936820979897507,0.02018113364649873,0.17499631454869968,0.02459136543614937,0.01233400202386658
cosine,wsd,test,step_reference,none,aligned,pre_tail_1000_27125,13063,0.03482900992244698,0.04354075753697167,0.9366367176558097,0.020023671249274604,0.17499631454869968,0.028426540098381636,0.012119972962827998
cosine,wsd,test,step_reference,none,aligned,tail_27126_33906,3391,0.03569400459912052,0.04466198033481506,0.2963387370359618,0.020787719106521954,0.16189151724452921,0.02459136543614937,0.013158496752367611
cosine,wsd,test,step_reference,none,aligned,early_decay_27126_30000,1438,0.04401903088414958,0.05318560524448076,-0.3670168966038674,0.03945410745562941,0.16189151724452921,0.06425059471236372,0.016016517874995962
cosine,wsd,test,step_reference,none,aligned,endpoint_30000_33906,1954,0.02958201319289812,0.03717539405261813,0.20316191946531026,0.007072875928215566,0.12618525288381033,0.02459136543614937,0.011060743150828688
cosine,wsd,test,step_reference,none,aligned,last_2048_sampled,2048,0.029778009565628802,0.037418637348104467,0.20181264522173092,0.007964555264523786,0.12618525288381033,0.02459136543614937,0.011127583274085289
cosine,wsd,test,step_reference,none,aligned,last_512_sampled,512,0.029281014682159164,0.03682414640808392,0.1709231780831777,-0.0025698002235397246,0.10438962312963307,0.02459136543614937,0.011006468378093909
cosine,cosine,train,step_base_for_leftover,none,aligned,full,16454,0.028924688185793523,0.03626181880263406,0.9622498137430467,-8.407526114960349e-05,0.1595788985044444,0.025441011196305485,0.010272871301139587
cosine,cosine,train,step_base_for_leftover,none,aligned,pre_tail_1000_27125,13063,0.029088990770182652,0.03641391011444383,0.9634111739950715,-0.00021870547009401732,0.1595788985044444,0.008343914965688981,0.010194785295551692
cosine,cosine,train,step_base_for_leftover,none,aligned,tail_27126_33906,3391,0.028291752573916466,0.03566986376604926,0.23366995948006486,0.0004345547652263556,0.12350514992457162,0.025441011196305485,0.010573678582470951
cosine,cosine,train,step_base_for_leftover,none,aligned,early_decay_27126_30000,1438,0.028119558562063992,0.03545985028416481,0.2146743563250476,-0.0002110605377605478,0.11847550168019971,0.04198788889949867,0.010472014924241836
cosine,cosine,train,step_base_for_leftover,none,aligned,endpoint_30000_33906,1954,0.028425483958445342,0.035827136247081386,0.19203545711754233,0.0009309458296221793,0.12350514992457162,0.025441011196305485,0.01065120549728499
cosine,cosine,train,step_base_for_leftover,none,aligned,last_2048_sampled,2048,0.02834236113942501,0.035721189354854015,0.19449778750535884,0.0009408074953366386,0.12350514992457162,0.025441011196305485,0.010619162100543478
cosine,cosine,train,step_base_for_leftover,none,aligned,last_512_sampled,512,0.029299233239346932,0.03694015382918441,0.16579015139891673,0.0005554234128787661,0.10727742968502074,0.025441011196305485,0.010986918312979072
cosine,811,test,step_base_for_leftover,none,aligned,full,16454,0.033067127649341034,0.04160799463662509,0.9447402521846467,0.012714155309233734,0.17053593030028846,0.04258838275006971,0.011641402809671481
cosine,811,test,step_base_for_leftover,none,aligned,pre_tail_1000_27125,13063,0.03317612289662388,0.041642713494933446,0.9418637241640643,0.014884446651226813,0.17053593030028846,0.02317805705877163,0.011516524837490985
cosine,811,test,step_base_for_leftover,none,aligned,tail_27126_33906,3391,0.032647250057109875,0.04147397707432654,0.16241857230947387,0.004353637526734291,0.15140783820472947,0.04258838275006971,0.012122464723736308
cosine,811,test,step_base_for_leftover,none,aligned,early_decay_27126_30000,1438,0.03650314566886008,0.046527148555533734,-0.26806076593875594,0.0212654301986819,0.15140783820472947,0.0408220760280229,0.013424577350893582
cosine,811,test,step_base_for_leftover,none,aligned,endpoint_30000_33906,1954,0.02981377868365753,0.03732034421878265,0.17232586448558695,-0.008073532086243892,0.13043954365857502,0.04258838275006971,0.011165846738993429
cosine,811,test,step_base_for_leftover,none,aligned,last_2048_sampled,2048,0.029666542356695698,0.037143949221479455,0.18747877664824264,-0.007739874879757083,0.13043954365857502,0.04258838275006971,0.011106793893996724
cosine,811,test,step_base_for_leftover,none,aligned,last_512_sampled,512,0.03189328804228746,0.03987028081137115,0.024068170155387203,-0.015191393883371242,0.12310543134771601,0.04258838275006971,0.011973713168931338
cosine,wsd,test,step_base_for_leftover,none,aligned,full,16454,0.03510190775981406,0.04393848361428093,0.9363458114839364,0.020332886407752264,0.17688525548034217,0.02987619851909029,0.012370126535484638
cosine,wsd,test,step_base_for_leftover,none,aligned,pre_tail_1000_27125,13063,0.03489322414639745,0.04366410189324118,0.9362772120439756,0.020039908436447568,0.17688525548034217,0.02808876453252651,0.012144073785108832
cosine,wsd,test,step_base_for_leftover,none,aligned,tail_27126_33906,3391,0.035905810455792025,0.04497983190924715,0.28628742660235884,0.021461512547284334,0.1639626837676733,0.02987619851909029,0.01324093959303673
cosine,wsd,test,step_base_for_leftover,none,aligned,early_decay_27126_30000,1438,0.0440697955258711,0.053353470899785135,-0.3756597360935865,0.039432578736109856,0.1639626837676733,0.06882951088667699,0.016042267062729283
cosine,wsd,test,step_base_for_leftover,none,aligned,endpoint_30000_33906,1954,0.02991456847506386,0.0376644008243782,0.18206075700920754,0.008260373764688782,0.13121169609762084,0.02987619851909029,0.011185729702540366
cosine,wsd,test,step_base_for_leftover,none,aligned,last_2048_sampled,2048,0.030118075525186146,0.037921612841650756,0.18021020605923532,0.009133742093415427,0.1320494755416881,0.02987619851909029,0.011255377613119353
cosine,wsd,test,step_base_for_leftover,none,aligned,last_512_sampled,512,0.029392682110346673,0.036926215592009065,0.16632073744611486,-0.0015668194231679361,0.11097868263092137,0.02987619851909029,0.011048404459513907
cosine,cosine,train,event_decay_only,linear_endpoint,aligned,full,16454,0.032278471408189346,0.04031751683796751,0.9533332578023613,-0.00028289775335025154,0.17356137633656132,0.047289049313177234,0.011460387778065817
cosine,cosine,train,event_decay_only,linear_endpoint,aligned,pre_tail_1000_27125,13063,0.03242863764940623,0.04046354345434834,0.9548204743306742,-0.00019320755355781274,0.17356137633656132,0.009541409285974023,0.01136028473208156
cosine,cosine,train,event_decay_only,linear_endpoint,aligned,tail_27126_33906,3391,0.03169999260871538,0.03974997157542826,0.04832952884718411,-0.0006284073611027224,0.1377949873000004,0.047289049313177234,0.01184601033474301
cosine,cosine,train,event_decay_only,linear_endpoint,aligned,early_decay_27126_30000,1438,0.03162591390562486,0.03975329832280768,0.012988257949863469,-0.0016641162263837713,0.13486805498343202,0.05283690866855917,0.011776682127423974
cosine,cosine,train,event_decay_only,linear_endpoint,aligned,endpoint_30000_33906,1954,0.031765326329853565,0.039755322898538455,0.005147530755681307,0.0001611600208337211,0.1377949873000004,0.047289049313177234,0.01190116721962977
cosine,cosine,train,event_decay_only,linear_endpoint,aligned,last_2048_sampled,2048,0.031671200387205736,0.039677262273476545,0.0062015544219250485,0.00019564967132520246,0.1377949873000004,0.047289049313177234,0.011864846667076712
cosine,cosine,train,event_decay_only,linear_endpoint,aligned,last_512_sampled,512,0.03266156929421081,0.04048524417404463,-0.0020085778125200626,-0.0019519124173346851,0.1377949873000004,0.047289049313177234,0.012247403544308182
cosine,811,test,event_decay_only,linear_endpoint,aligned,full,16454,0.057124695543519045,0.06943813148481706,0.8460954778590737,-0.04698428909367082,0.21259988388894868,0.06477452728899813,0.020310897479503768
cosine,811,test,event_decay_only,linear_endpoint,aligned,pre_tail_1000_27125,13063,0.06296006841385444,0.07475044420909277,0.8126745772064832,-0.05697878196806173,0.21259988388894868,0.10967549168871038,0.022236151001176797
cosine,811,test,event_decay_only,linear_endpoint,aligned,tail_27126_33906,3391,0.034645345556733036,0.043254168423564526,0.08897224911615786,-0.00848294423428767,0.1539459270214003,0.06477452728899813,0.012894328103622085
cosine,811,test,event_decay_only,linear_endpoint,aligned,early_decay_27126_30000,1438,0.03542811193933759,0.04444874452209118,-0.15730062619059826,-0.0033831448904342175,0.13937288161845762,0.030686833770960487,0.013076282681388126
cosine,811,test,event_decay_only,linear_endpoint,aligned,endpoint_30000_33906,1954,0.034067261334639325,0.04234791783474851,-0.0656932768177636,-0.012215974775974473,0.1539459270214003,0.06477452728899813,0.012759732356201462
cosine,811,test,event_decay_only,linear_endpoint,aligned,last_2048_sampled,2048,0.03416076764197828,0.04242104594506482,-0.05979362955943501,-0.01267151399244227,0.1539459270214003,0.06477452728899813,0.01278973450726581
cosine,811,test,event_decay_only,linear_endpoint,aligned,last_512_sampled,512,0.03587649326947563,0.044293092239155986,-0.20446142452380744,-0.018272888774335944,0.1539459270214003,0.06477452728899813,0.013473333127131197
cosine,wsd,test,event_decay_only,linear_endpoint,aligned,full,16454,0.05465831290756149,0.06674944129937369,0.8530965055727318,-0.044053169252545314,0.20588601670144868,0.052113862371939046,0.01944436306847314
cosine,wsd,test,event_decay_only,linear_endpoint,aligned,pre_tail_1000_27125,13063,0.059209171776453705,0.07098454869731234,0.831587874900797,-0.05182332018284097,0.20588601670144868,0.1047647842149555,0.020926384530986757
cosine,wsd,test,event_decay_only,linear_endpoint,aligned,tail_27126_33906,3391,0.03712723965355415,0.04699358190657631,0.22095097400862562,-0.014120558930383106,0.1703471526215159,0.052113862371939046,0.013735237039332656
cosine,wsd,test,event_decay_only,linear_endpoint,aligned,early_decay_27126_30000,1438,0.044125268180996643,0.05521611110605795,-0.4733885909604916,-0.02920979906309999,0.1703471526215159,0.05186578816260701,0.016146501832770704
cosine,wsd,test,event_decay_only,linear_endpoint,aligned,endpoint_30000_33906,1954,0.031984749134642554,0.039876740690546385,0.08315013002376392,-0.002982220313218381,0.14247910175879142,0.052113862371939046,0.011963624996559626
cosine,wsd,test,event_decay_only,linear_endpoint,aligned,last_2048_sampled,2048,0.03188368193795245,0.039786266195280764,0.0976079195311389,-0.002958763700527233,0.14247910175879142,0.052113862371939046,0.01192077269264152
cosine,wsd,test,event_decay_only,linear_endpoint,aligned,last_512_sampled,512,0.03316356347886403,0.04084824907661546,-0.02017878515158955,-0.006223151444352496,0.14247910175879142,0.052113862371939046,0.01246588386652317
cosine,cosine,train,step_plus_event_leftover,linear_endpoint,aligned,full,16454,0.028920364022024754,0.03625607764863063,0.9622617663964574,-0.00025476210531218433,0.1587314958594357,0.026941727282419503,0.010271287800629305
cosine,cosine,train,step_plus_event_leftover,linear_endpoint,aligned,pre_tail_1000_27125,13063,0.02908164322901071,0.036407920372956315,0.9634232100320552,-0.00023050090158145933,0.1587314958594357,0.00838300085606214,0.010192119341290457
cosine,cosine,train,step_plus_event_leftover,linear_endpoint,aligned,tail_27126_33906,3391,0.02829907523380372,0.03566509922086614,0.23387466843407934,-0.0003482224722642519,0.12247653117779,0.026941727282419503,0.010576264970886857
cosine,cosine,train,step_plus_event_leftover,linear_endpoint,aligned,early_decay_27126_30000,1438,0.02812891199145689,0.03546272057936036,0.214547214916747,-0.0005670338866989495,0.11806947142042379,0.04131340004752415,0.01047540725189881
cosine,cosine,train,step_plus_event_leftover,linear_endpoint,aligned,endpoint_30000_33906,1954,0.028430963190461074,0.03581641098010262,0.1925191317430005,-0.00016587219771108726,0.12247653117779,0.026941727282419503,0.010653068004544368
cosine,cosine,train,step_plus_event_leftover,linear_endpoint,aligned,last_2048_sampled,2048,0.028347093664013,0.0357102529632376,0.19499093676931145,-0.0001357776075434202,0.12247653117779,0.026941727282419503,0.01062074867076997
cosine,cosine,train,step_plus_event_leftover,linear_endpoint,aligned,last_512_sampled,512,0.029308449580635103,0.03694565137173297,0.16554183378675524,-0.0008381758651797326,0.10874450543181213,0.026941727282419503,0.010990113136563276
cosine,811,test,step_plus_event_leftover,linear_endpoint,aligned,full,16454,0.029975632077588504,0.03764734228106671,0.954759856465993,-0.0025257972023963048,0.1528849039226663,0.04420264141866026,0.010539539460429152
cosine,811,test,step_plus_event_leftover,linear_endpoint,aligned,pre_tail_1000_27125,13063,0.029447896269146408,0.03687035888546585,0.9544252919069194,-0.003359609819952561,0.1528849039226663,0.010266157592289105,0.010187959295382574
cosine,811,test,step_plus_event_leftover,linear_endpoint,aligned,tail_27126_33906,3391,0.03200860549713408,0.04050141001046886,0.2012406439250214,0.0006862624328550574,0.14462070285323003,0.04420264141866026,0.011893916250757508
cosine,811,test,step_plus_event_leftover,linear_endpoint,aligned,early_decay_27126_30000,1438,0.03447563846188929,0.043954638907561475,-0.13171383254374924,0.015226282698272729,0.14462070285323003,0.035039165647156256,0.012690352605948436
cosine,811,test,step_plus_event_leftover,linear_endpoint,aligned,endpoint_30000_33906,1954,0.03019460199500104,0.03775609926574195,0.15288506059583373,-0.009996540145679389,0.13178605531480647,0.04420264141866026,0.011308451669863362
cosine,811,test,step_plus_event_leftover,linear_endpoint,aligned,last_2048_sampled,2048,0.03005783128776915,0.037588186749976,0.1679272263551742,-0.009840805238961206,0.13178605531480647,0.04420264141866026,0.011253174308494224
cosine,811,test,step_plus_event_leftover,linear_endpoint,aligned,last_512_sampled,512,0.03242059190351951,0.040479051286955454,-0.005961927636634057,-0.016722934426793713,0.12469846328767575,0.04420264141866026,0.012172476788974936
cosine,wsd,test,step_plus_event_leftover,linear_endpoint,aligned,full,16454,0.029644160412755548,0.03722046930113129,0.95432268723409,0.003919997623179415,0.15994829817929013,0.03149420572086781,0.010427428590079429
cosine,wsd,test,step_plus_event_leftover,linear_endpoint,aligned,pre_tail_1000_27125,13063,0.029288976163894417,0.03671722993330526,0.9549405876706029,0.0017958519652681942,0.15994829817929013,0.005355450118534222,0.010155386015729193
cosine,wsd,test,step_plus_event_leftover,linear_endpoint,aligned,tail_27126_33906,3391,0.031012421056481002,0.03909858649538819,0.46072559872060215,0.012102750418606804,0.14670958161480474,0.03149420572086781,0.011475406221673985
cosine,wsd,test,step_plus_event_leftover,linear_endpoint,aligned,early_decay_27126_30000,1438,0.03355155883007865,0.042147307701160944,0.14152955784312005,0.022301385661984065,0.14670958161480474,0.06133000296337654,0.012256990089982784
cosine,wsd,test,step_plus_event_leftover,linear_endpoint,aligned,endpoint_30000_33906,1954,0.02915931842775709,0.03670907271614244,0.22302732108580603,0.004622499534557807,0.12756889485885425,0.03149420572086781,0.010906067206997425
cosine,wsd,test,step_plus_event_leftover,linear_endpoint,aligned,last_2048_sampled,2048,0.029215259351122402,0.0367882040942884,0.2284819667204845,0.0053009276513625875,0.12756889485885425,0.03149420572086781,0.010921698137066872
cosine,wsd,test,step_plus_event_leftover,linear_endpoint,aligned,last_512_sampled,512,0.029468673161402004,0.03705346775671021,0.16056491956838703,-0.003476225220213728,0.11271303659847032,0.03149420572086781,0.011076664902009623
811,cosine,test,momentum_baseline,none,aligned,full,16454,0.03233900437067206,0.040413590175866855,0.9531105867716734,0.00042619333705065453,0.176202208154697,0.0413117703349406,0.011481569840105841
811,cosine,test,momentum_baseline,none,aligned,pre_tail_1000_27125,13063,0.032508668369574105,0.04055007296438365,0.9546270388633188,-0.00011142221162149326,0.176202208154697,0.009313354630139159,0.011388387348631554
811,cosine,test,momentum_baseline,none,aligned,tail_27126_33906,3391,0.03168541521772093,0.03988345870165528,0.041927055836934124,0.002497226044896207,0.138561078148848,0.0413117703349406,0.011840532649344593
811,cosine,test,momentum_baseline,none,aligned,early_decay_27126_30000,1438,0.03159922657814771,0.03973069751878974,0.014110223610691586,-0.00022306850606110227,0.13740107479557917,0.05552269141080268,0.011766747427078028
811,cosine,test,momentum_baseline,none,aligned,endpoint_30000_33906,1954,0.03176104292493659,0.04000505194656985,-0.00739035648681563,0.0045262992432803,0.138561078148848,0.0413117703349406,0.011899485408021195
811,cosine,test,momentum_baseline,none,aligned,last_2048_sampled,2048,0.03166922450913761,0.03992262090627103,-0.006127469350383219,0.004479880716838745,0.138561078148848,0.0413117703349406,0.011864029550301686
811,cosine,test,momentum_baseline,none,aligned,last_512_sampled,512,0.0323853742352774,0.040601287845274434,-0.007760964863668285,0.0036205649687847986,0.13197878443264255,0.0413117703349406,0.012143882352961873
811,811,train,momentum_baseline,none,aligned,full,16454,0.035786677452969595,0.044917079432651615,0.9356011148197827,0.01321151805496938,0.1833267369260998,0.058343827724042896,0.012588561510482526
811,811,train,momentum_baseline,none,aligned,pre_tail_1000_27125,13063,0.035897724227758165,0.04499936634733364,0.9321137275853664,0.014977759531008595,0.1833267369260998,0.022164973386674447,0.012447430035751678
811,811,train,momentum_baseline,none,aligned,tail_27126_33906,3391,0.035358896851653436,0.044598670242173316,0.03145569419894911,0.006407503781451169,0.1633332522191182,0.058343827724042896,0.01313223607680783
811,811,train,momentum_baseline,none,aligned,early_decay_27126_30000,1438,0.039195045112751035,0.04963617873782878,-0.4431911946338223,0.021248921263580817,0.1633332522191182,0.0544410128038475,0.014419865981570548
811,811,train,momentum_baseline,none,aligned,endpoint_30000_33906,1954,0.03254554010472091,0.040499253337113385,0.025319819029573032,-0.004490103603543735,0.14762860940402645,0.058343827724042896,0.012188350194080698
811,811,train,momentum_baseline,none,aligned,last_2048_sampled,2048,0.032416249889189584,0.040386037037046234,0.03944765124845617,-0.004211482873508487,0.14762860940402645,0.058343827724042896,0.012135487801894919
811,811,train,momentum_baseline,none,aligned,last_512_sampled,512,0.034096744081436106,0.042137785433193964,-0.09009490168107748,-0.012147904941387837,0.14762860940402645,0.058343827724042896,0.012801640769817204
811,wsd,test,momentum_baseline,none,aligned,full,16454,0.03772038950173981,0.04727466039406645,0.9263125221222073,0.02083323488154805,0.19079639100935175,0.04566822982802332,0.013282397319634065
811,wsd,test,momentum_baseline,none,aligned,pre_tail_1000_27125,13063,0.037452139062562194,0.04691294751646918,0.9264417911562046,0.020133221316229355,0.19079639100935175,0.02707568086042933,0.013018561923132648
811,wsd,test,momentum_baseline,none,aligned,tail_27126_33906,3391,0.03875375885797014,0.04864293911703619,0.16530596920383311,0.02352986631881083,0.17018541155138633,0.04566822982802332,0.014298758801349799
811,wsd,test,momentum_baseline,none,aligned,early_decay_27126_30000,1438,0.0457455260570762,0.056200108179740284,-0.5263705356798856,0.0394138975420894,0.17018541155138633,0.0826127090682327,0.016657533464664632
811,wsd,test,momentum_baseline,none,aligned,endpoint_30000_33906,1954,0.033630779184426494,0.04225317405807368,-0.029384434072413423,0.011870626781285157,0.1463478837697627,0.04566822982802332,0.012571284458576732
811,wsd,test,momentum_baseline,none,aligned,last_2048_sampled,2048,0.033818500438614396,0.042537748476090195,-0.03152059913986127,0.012689153799092266,0.16124220174539472,0.04566822982802332,0.012634277024229576
811,wsd,test,momentum_baseline,none,aligned,last_512_sampled,512,0.032466789435841165,0.04040861527782263,0.0016626177046190627,0.0014885610279139413,0.13557383403272016,0.04566822982802332,0.012203736243880117
811,cosine,test,step_reference,none,aligned,full,16454,0.033012869723490934,0.0412867221375429,0.9510626170345441,-0.012620453168481647,0.16169456912246183,0.004651753765616995,0.01178145714361682
811,cosine,test,step_reference,none,aligned,pre_tail_1000_27125,13063,0.033157076217565265,0.04131062251555572,0.9529090640693447,-0.014887318795689879,0.15383432608514802,0.03455235037733395,0.011689181091875733
811,cosine,test,step_reference,none,aligned,tail_27126_33906,3391,0.03245734939553663,0.04119452216563761,-0.022096470180714034,-0.003887906519050473,0.16169456912246183,0.004651753765616995,0.012136928114980378
811,cosine,test,step_reference,none,aligned,early_decay_27126_30000,1438,0.0365031251428903,0.046039595122705,-0.32385059565478613,-0.021103634441040017,0.16169456912246183,0.03934334580121135,0.013621576766585382
811,cosine,test,step_reference,none,aligned,endpoint_30000_33906,1954,0.029483480650250592,0.03722726066452727,0.12765099065065644,0.008803725008145653,0.12898090453197675,0.004651753765616995,0.01104573832827017
811,cosine,test,step_reference,none,aligned,last_2048_sampled,2048,0.029339787020515776,0.03704691735314346,0.13359875116262332,0.008500767122201075,0.12898090453197675,0.004651753765616995,0.010991106496539147
811,cosine,test,step_reference,none,aligned,last_512_sampled,512,0.03184138921657799,0.039852104048565255,0.029086757469166225,0.015398230998716688,0.11919089041730313,0.004651753765616995,0.011934706530278208
811,811,train,step_reference,none,aligned,full,16454,0.028703898789644192,0.03598532521800986,0.9586661182174021,-0.00023474312401739844,0.1580821846099001,0.02195017643379904,0.010085624846500047
811,811,train,step_reference,none,aligned,pre_tail_1000_27125,13063,0.028888892870857694,0.03616285389187317,0.9561575758556345,-0.0002343027472685665,0.1580821846099001,0.004210277626102599,0.009998518325831547
811,811,train,step_reference,none,aligned,tail_27126_33906,3391,0.027991254235562226,0.03529309435388595,0.3934660057282222,-0.00023643956797787964,0.11857773798443594,0.02195017643379904,0.010421181460918387
811,811,train,step_reference,none,aligned,early_decay_27126_30000,1438,0.027683259908042972,0.03498781929354889,0.28293101187433345,-0.0001898093154533231,0.11804244986513757,0.03816109407232471,0.010221759847058358
811,811,train,step_reference,none,aligned,endpoint_30000_33906,1954,0.028223119989302985,0.0355175960393427,0.25035572385003524,-0.0002511052637250699,0.11857773798443594,0.02195017643379904,0.010569944969594805
811,811,train,step_reference,none,aligned,last_2048_sampled,2048,0.028134675864204987,0.03539829413693839,0.26205630390583945,-0.00022765069710185522,0.11857773798443594,0.02195017643379904,0.010532991352194232
811,811,train,step_reference,none,aligned,last_512_sampled,512,0.02906055032573773,0.03667068022868183,0.1744206417878652,-0.0004535873660168792,0.10242550567342645,0.02195017643379904,0.010909782443442005
811,wsd,test,step_reference,none,aligned,full,16454,0.029868570152696807,0.037502554567059476,0.9536277082089815,0.007362744543335266,0.1644315097899538,0.009190067416785297,0.010511394197860279
811,wsd,test,step_reference,none,aligned,pre_tail_1000_27125,13063,0.02915932903939843,0.03655534002824564,0.9553370545363825,0.004921159037952189,0.1644315097899538,0.0007004298476522841,0.010108881647950345
811,wsd,test,step_reference,none,aligned,tail_27126_33906,3391,0.03260074846676838,0.04094719042005779,0.4085256608139294,0.016768356886838403,0.15077409269827013,0.009190067416785297,0.012061975571930894
811,wsd,test,step_reference,none,aligned,early_decay_27126_30000,1438,0.03462558596338909,0.04323295456316231,0.09673433134645126,0.01767266351511808,0.15077409269827013,0.06613643416147763,0.012648786524092516
811,wsd,test,step_reference,none,aligned,endpoint_30000_33906,1954,0.031127779871862604,0.039197561998889734,0.11411564750728953,0.016128118988070986,0.1346080503577043,0.009190067416785297,0.011636582279452025
811,wsd,test,step_reference,none,aligned,last_2048_sampled,2048,0.03130020272719396,0.039395488998990764,0.11524729660693644,0.016689819893715912,0.1346080503577043,0.009190067416785297,0.011694346071507985
811,wsd,test,step_reference,none,aligned,last_512_sampled,512,0.031182702064516836,0.039017771550419314,0.06920440357036217,0.013228397686234378,0.1177748161051948,0.009190067416785297,0.011717459362745864
811,cosine,test,step_base_for_leftover,none,aligned,full,16454,0.03157183827890462,0.039464186904132184,0.9552877782523594,-0.009382293311948219,0.15737630341546716,0.013863657628314208,0.011244691781084127
811,cosine,test,step_base_for_leftover,none,aligned,pre_tail_1000_27125,13063,0.031720152421627325,0.039529673634522366,0.956881831968295,-0.01121644639000361,0.15737630341546716,0.028264856465364918,0.011155702088885203
811,cosine,test,step_base_for_leftover,none,aligned,tail_27126_33906,3391,0.031000494236915036,0.039210893086074464,0.07396709814623781,-0.002316666164016173,0.14229876063992775,0.013863657628314208,0.011587502854276281
811,cosine,test,step_base_for_leftover,none,aligned,early_decay_27126_30000,1438,0.03345008129456941,0.04205305142149968,-0.10451345855334138,-0.015924385747735876,0.14229876063992775,0.04337900370687109,0.012466283306161959
811,cosine,test,step_base_for_leftover,none,aligned,endpoint_30000_33906,1954,0.029204113643549103,0.03698238896427877,0.13908943832051834,0.007720998335093254,0.13037815111804818,0.013863657628314208,0.010943243186990494
811,cosine,test,step_base_for_leftover,none,aligned,last_2048_sampled,2048,0.029081473170426617,0.03682913089599576,0.1437553767494988,0.007482245288694732,0.13037815111804818,0.013863657628314208,0.010896397870255285
811,cosine,test,step_base_for_leftover,none,aligned,last_512_sampled,512,0.030979668588314684,0.038941781566362965,0.07293636390530889,0.0124376877753037,0.11706401307922354,0.013863657628314208,0.011616497598880365
811,811,train,step_base_for_leftover,none,aligned,full,16454,0.029151966441212356,0.036594315375980464,0.9572552696019364,0.003102769604263909,0.16260339817768932,0.031095148211547574,0.010245010013214468
811,811,train,step_base_for_leftover,none,aligned,pre_tail_1000_27125,13063,0.029320050802069474,0.03675971995239882,0.9546983986419789,0.003545032786200138,0.16260339817768932,0.0023602781848564014,0.010150071283490965
811,811,train,step_base_for_leftover,none,aligned,tail_27126_33906,3391,0.028504462458352857,0.03595002277224761,0.3706764092752165,0.0013990586205915524,0.12455539928902581,0.031095148211547574,0.010610738301736464
811,811,train,step_base_for_leftover,none,aligned,early_decay_27126_30000,1438,0.0285515685418198,0.036091894444663264,0.2369613301880369,0.0051278671815315644,0.12455539928902581,0.04222183820362124,0.010541327579404278
811,811,train,step_base_for_leftover,none,aligned,endpoint_30000_33906,1954,0.028476816003757056,0.03584875675208291,0.23631141364115726,-0.0013241777821969363,0.12148108166108207,0.031095148211547574,0.01066450095987059
811,811,train,step_base_for_leftover,none,aligned,last_2048_sampled,2048,0.028385571778399638,0.035732466489371686,0.2480576418735565,-0.0012368673172801193,0.12148108166108207,0.031095148211547574,0.010626482752976908
811,811,train,step_base_for_leftover,none,aligned,last_512_sampled,512,0.029337528924034538,0.03697819399671858,0.16051626361360094,-0.003393179684342513,0.11112342731116698,0.031095148211547574,0.011013309736980986
811,wsd,test,step_base_for_leftover,none,aligned,full,16454,0.030557698103478213,0.03842184775242966,0.9513264132866247,0.010706256446630667,0.16895272335774303,0.018356275091152785,0.010757425951428215
811,wsd,test,step_base_for_leftover,none,aligned,pre_tail_1000_27125,13063,0.029970498706388817,0.0376353197092046,0.9526590548451442,0.008700494571420895,0.16895272335774303,0.007270985658611284,0.010397701379253582
811,wsd,test,step_base_for_leftover,none,aligned,tail_27126_33906,3391,0.03281974048748847,0.04131203886920505,0.3979383702523408,0.018432964608195178,0.1531337689155321,0.018356275091152785,0.0121431770827515
811,wsd,test,step_base_for_leftover,none,aligned,early_decay_27126_30000,1438,0.03537624734292016,0.044206396637803055,0.055600163954295345,0.023065430191254233,0.1531337689155321,0.07024615594428285,0.012924093390357157
811,wsd,test,step_base_for_leftover,none,aligned,endpoint_30000_33906,1954,0.030957493587460857,0.0390663447440843,0.12003687013345343,0.015050327803127197,0.1375381959726858,0.018356275091152785,0.011575669590814533
811,wsd,test,step_base_for_leftover,none,aligned,last_2048_sampled,2048,0.03114667633924928,0.03929563840842976,0.11972654671166572,0.01567629685845159,0.1375381959726858,0.018356275091152785,0.011639707439229822
811,wsd,test,step_base_for_leftover,none,aligned,last_512_sampled,512,0.030471799555758468,0.038259757819523746,0.10501897002659588,0.010277361619754129,0.11551562895292333,0.018356275091152785,0.011454312409861798
811,cosine,test,event_decay_only,linear_endpoint,aligned,full,16454,0.12629981574981725,0.1403707625612224,0.4343168399717837,0.12473878514745627,0.34908180680389433,0.017340869274137027,0.04358085816565006
811,cosine,test,event_decay_only,linear_endpoint,aligned,pre_tail_1000_27125,13063,0.1453278943420119,0.1539445836934715,0.34605282167591456,0.14514586483858807,0.34908180680389433,0.10136005495194933,0.04979349763165779
811,cosine,test,event_decay_only,linear_endpoint,aligned,tail_27126_33906,3391,0.052998786363253204,0.0656829546027505,-1.5984736059718214,0.0461254905425447,0.20773545406847926,0.017340869274137027,0.019648180682766303
811,cosine,test,event_decay_only,linear_endpoint,aligned,early_decay_27126_30000,1438,0.07198156219936876,0.08307854011627779,-3.3107585317796024,0.07023250327504676,0.20773545406847926,0.0946533682882773,0.02650935083624036
811,cosine,test,event_decay_only,linear_endpoint,aligned,endpoint_30000_33906,1954,0.03905017987890872,0.04911417862523116,-0.5183849225141097,0.028409340884616212,0.1602274850332166,0.017340869274137027,0.014606938587233087
811,cosine,test,event_decay_only,linear_endpoint,aligned,last_2048_sampled,2048,0.03945685295872693,0.04957275839839191,-0.551318912288328,0.029133122631244044,0.17936529516513833,0.017340869274137027,0.014754942773409732
811,cosine,test,event_decay_only,linear_endpoint,aligned,last_512_sampled,512,0.0371889243489119,0.04737854826437418,-0.37227582349371646,0.0246162871165612,0.14258550284149996,0.017340869274137027,0.013932268973311422
811,811,train,event_decay_only,linear_endpoint,aligned,full,16454,0.03236022706760439,0.04041623914979596,0.9478604682696347,-0.00026016425098935415,0.17299931933184753,0.04111596565670528,0.011366528890596994
811,811,train,event_decay_only,linear_endpoint,aligned,pre_tail_1000_27125,13063,0.032513812091524034,0.04057243405273943,0.9448136981756499,-0.0002520416369831759,0.17299931933184753,0.01259089193271068,0.011247376040499555
811,811,train,event_decay_only,linear_endpoint,aligned,tail_27126_33906,3391,0.03176857824204784,0.039808809073145185,0.22832568870323788,-0.00029145463930038554,0.13257671654857806,0.04111596565670528,0.011825536168928714
811,811,train,event_decay_only,linear_endpoint,aligned,early_decay_27126_30000,1438,0.03166068884424995,0.039773214211685816,0.07336527854024,-0.0009239709243793724,0.13243628741508928,0.055910136217488304,0.011688882654149423
811,811,train,event_decay_only,linear_endpoint,aligned,endpoint_30000_33906,1954,0.03186033183058869,0.03984488283988937,0.05656233487728857,0.00020279306223511685,0.13257671654857806,0.04111596565670528,0.011930765332601675
811,811,train,event_decay_only,linear_endpoint,aligned,last_2048_sampled,2048,0.03176242501446569,0.03976166747142238,0.06891841383142261,0.00030261029425536793,0.13257671654857806,0.04111596565670528,0.011889701110632804
811,811,train,event_decay_only,linear_endpoint,aligned,last_512_sampled,512,0.032438625850704374,0.040453843014043776,-0.004709394980863646,0.00016729226386894263,0.13257671654857806,0.04111596565670528,0.012177856211729184
811,wsd,test,event_decay_only,linear_endpoint,aligned,full,16454,0.03374566843777516,0.04238937660960597,0.9407551074468603,0.009027979799335844,0.18027490069171082,0.02840036226840814,0.011874606378222232
811,wsd,test,event_decay_only,linear_endpoint,aligned,pre_tail_1000_27125,13063,0.03266478847966673,0.04086873446351388,0.9441750832429585,0.00490342014823758,0.18027490069171082,0.007680184458955797,0.011319947994454533
811,wsd,test,event_decay_only,linear_endpoint,aligned,tail_27126_33906,3391,0.03790949471107816,0.04779725065667529,0.19407704839181195,0.02491683934586979,0.1672369751174716,0.02840036226840814,0.014011292449339147
811,wsd,test,event_decay_only,linear_endpoint,aligned,early_decay_27126_30000,1438,0.041552256483721475,0.05191577818325889,-0.3025200202859806,0.03234954820446066,0.1672369751174716,0.0866317917733963,0.015162333145124168
811,wsd,test,event_decay_only,linear_endpoint,aligned,endpoint_30000_33906,1954,0.03525362514506036,0.04455362364835833,-0.14452420889609408,0.01947849728536511,0.151693298149028,0.02840036226840814,0.013173521373829976
811,wsd,test,event_decay_only,linear_endpoint,aligned,last_2048_sampled,2048,0.035478456640272236,0.04484679084588398,-0.14654643830576775,0.020125748395319915,0.16498761426987407,0.02840036226840814,0.013249680269724931
811,wsd,test,event_decay_only,linear_endpoint,aligned,last_512_sampled,512,0.033631011177349984,0.042927987628568046,-0.1267056110285727,0.014515415696928767,0.13225737195502774,0.02840036226840814,0.012639084770547466
811,cosine,test,step_plus_event_leftover,linear_endpoint,aligned,full,16454,0.035403372765954476,0.04430493903193872,0.9436460686749675,0.020100001552080787,0.20028276636309128,0.007906053277570102,0.012486760781405032
811,cosine,test,step_plus_event_leftover,linear_endpoint,aligned,pre_tail_1000_27125,13063,0.03678764445446751,0.045805297672818185,0.9421044394975887,0.023219164849803416,0.20028276636309128,0.00228925307370087,0.01281083193034268
811,cosine,test,step_plus_event_leftover,linear_endpoint,aligned,tail_27126_33906,3391,0.030070803887439098,0.03797514426907007,0.1314160220079309,0.008084186111753228,0.13505304415436914,0.007906053277570102,0.011238355762657613
811,cosine,test,step_plus_event_leftover,linear_endpoint,aligned,early_decay_27126_30000,1438,0.02959869386295054,0.037257078824192755,0.13305093018967384,0.000703976301130456,0.12627254347707728,0.05272474372095903,0.011023354646840056
811,cosine,test,step_plus_event_leftover,linear_endpoint,aligned,endpoint_30000_33906,1954,0.030429835696573215,0.03850392425374056,0.06679275799217421,0.013538322378531503,0.13505304415436914,0.007906053277570102,0.011401006715813972
811,cosine,test,step_plus_event_leftover,linear_endpoint,aligned,last_2048_sampled,2048,0.030326572056904012,0.03837382266196889,0.0704236948655933,0.0134799050033924,0.13505304415436914,0.007906053277570102,0.011361393937506438
811,cosine,test,step_plus_event_leftover,linear_endpoint,aligned,last_512_sampled,512,0.032581369210122176,0.04089738288278632,-0.022513259158873034,0.017623481677500025,0.12271938725609077,0.007906053277570102,0.01221376504724022
811,811,train,step_plus_event_leftover,linear_endpoint,aligned,full,16454,0.028952931954411593,0.03628735129581926,0.9579693731378857,-0.00024713356923295235,0.15899906581204215,0.02678709294781534,0.010172988722662877
811,811,train,step_plus_event_leftover,linear_endpoint,aligned,pre_tail_1000_27125,13063,0.0291345425615135,0.03646023737997544,0.9554335388759061,-0.0002438777797921719,0.15899906581204215,0.006321510968907429,0.010083358913882953
811,811,train,step_plus_event_leftover,linear_endpoint,aligned,tail_27126_33906,3391,0.028253321408681087,0.0356135067708294,0.3824030371615006,-0.0002596757035487635,0.1217684224685045,0.02678709294781534,0.010518265688776748
811,811,train,step_plus_event_leftover,linear_endpoint,aligned,early_decay_27126_30000,1438,0.028053172931798636,0.035370350082212204,0.26716549847711546,-0.0003755474238239463,0.11733087733021241,0.04259050108886164,0.010358112212666323
811,811,train,step_plus_event_leftover,linear_endpoint,aligned,endpoint_30000_33906,1954,0.028407953286591597,0.035795297684515184,0.23858739990745326,-0.0001524731904739818,0.1217684224685045,0.02678709294781534,0.010638925916262495
811,811,train,step_plus_event_leftover,linear_endpoint,aligned,last_2048_sampled,2048,0.028320291981531798,0.035681520165360324,0.2502003089242736,-0.00010982251918056712,0.1217684224685045,0.02678709294781534,0.01060224048451369
811,811,train,step_plus_event_leftover,linear_endpoint,aligned,last_512_sampled,512,0.029192565687423757,0.036833454740337813,0.16707518064306048,-0.00031885821347061357,0.10733776343007273,0.02678709294781534,0.010959427438410314
811,wsd,test,step_plus_event_leftover,linear_endpoint,aligned,full,16454,0.03015171398570386,0.03788448530153137,0.9526783761321527,0.007773129407505684,0.16534839099209586,0.014038215923807495,0.010613532071171952
811,wsd,test,step_plus_event_leftover,linear_endpoint,aligned,pre_tail_1000_27125,13063,0.029373591387339228,0.036833948148130215,0.9546536589811241,0.004911584005428584,0.16534839099209586,0.001410803495152546,0.010184500983346534
811,wsd,test,step_plus_event_leftover,linear_endpoint,aligned,tail_27126_33906,3391,0.03314924141196077,0.04168471057694698,0.38702710286339526,0.018796534770918583,0.152896487986788,0.014038215923807495,0.01226626964128798
811,wsd,test,step_plus_event_leftover,linear_endpoint,aligned,early_decay_27126_30000,1438,0.03534141054609175,0.04416190248530648,0.057500301790407216,0.021305182634809898,0.152896487986788,0.07125741984068013,0.012912045174828317
811,wsd,test,step_plus_event_leftover,linear_endpoint,aligned,endpoint_30000_33906,1954,0.031555469131279275,0.039784713175955465,0.08737705793038442,0.01697720276313662,0.1389104133609358,0.014038215923807495,0.011798343226578238
811,wsd,test,step_plus_event_leftover,linear_endpoint,aligned,last_2048_sampled,2048,0.031742675882032556,0.04001007620074175,0.0874268971961999,0.017559586758671822,0.1389104133609358,0.014038215923807495,0.011861485678057325
811,wsd,test,step_plus_event_leftover,linear_endpoint,aligned,last_512_sampled,512,0.03128110995624454,0.03925297225714571,0.057948833911513176,0.01353754956338091,0.11816396678405416,0.014038215923807495,0.011757314470657929
cosine+811,cosine,train,momentum_baseline,none,aligned,full,16454,0.03233900437067206,0.040413590175866855,0.9531105867716734,0.00042619333705065453,0.176202208154697,0.0413117703349406,0.011481569840105841
cosine+811,cosine,train,momentum_baseline,none,aligned,pre_tail_1000_27125,13063,0.032508668369574105,0.04055007296438365,0.9546270388633188,-0.00011142221162149326,0.176202208154697,0.009313354630139159,0.011388387348631554
cosine+811,cosine,train,momentum_baseline,none,aligned,tail_27126_33906,3391,0.03168541521772093,0.03988345870165528,0.041927055836934124,0.002497226044896207,0.138561078148848,0.0413117703349406,0.011840532649344593
cosine+811,cosine,train,momentum_baseline,none,aligned,early_decay_27126_30000,1438,0.03159922657814771,0.03973069751878974,0.014110223610691586,-0.00022306850606110227,0.13740107479557917,0.05552269141080268,0.011766747427078028
cosine+811,cosine,train,momentum_baseline,none,aligned,endpoint_30000_33906,1954,0.03176104292493659,0.04000505194656985,-0.00739035648681563,0.0045262992432803,0.138561078148848,0.0413117703349406,0.011899485408021195
cosine+811,cosine,train,momentum_baseline,none,aligned,last_2048_sampled,2048,0.03166922450913761,0.03992262090627103,-0.006127469350383219,0.004479880716838745,0.138561078148848,0.0413117703349406,0.011864029550301686
cosine+811,cosine,train,momentum_baseline,none,aligned,last_512_sampled,512,0.0323853742352774,0.040601287845274434,-0.007760964863668285,0.0036205649687847986,0.13197878443264255,0.0413117703349406,0.012143882352961873
cosine+811,811,train,momentum_baseline,none,aligned,full,16454,0.035786677452969595,0.044917079432651615,0.9356011148197827,0.01321151805496938,0.1833267369260998,0.058343827724042896,0.012588561510482526
cosine+811,811,train,momentum_baseline,none,aligned,pre_tail_1000_27125,13063,0.035897724227758165,0.04499936634733364,0.9321137275853664,0.014977759531008595,0.1833267369260998,0.022164973386674447,0.012447430035751678
cosine+811,811,train,momentum_baseline,none,aligned,tail_27126_33906,3391,0.035358896851653436,0.044598670242173316,0.03145569419894911,0.006407503781451169,0.1633332522191182,0.058343827724042896,0.01313223607680783
cosine+811,811,train,momentum_baseline,none,aligned,early_decay_27126_30000,1438,0.039195045112751035,0.04963617873782878,-0.4431911946338223,0.021248921263580817,0.1633332522191182,0.0544410128038475,0.014419865981570548
cosine+811,811,train,momentum_baseline,none,aligned,endpoint_30000_33906,1954,0.03254554010472091,0.040499253337113385,0.025319819029573032,-0.004490103603543735,0.14762860940402645,0.058343827724042896,0.012188350194080698
cosine+811,811,train,momentum_baseline,none,aligned,last_2048_sampled,2048,0.032416249889189584,0.040386037037046234,0.03944765124845617,-0.004211482873508487,0.14762860940402645,0.058343827724042896,0.012135487801894919
cosine+811,811,train,momentum_baseline,none,aligned,last_512_sampled,512,0.034096744081436106,0.042137785433193964,-0.09009490168107748,-0.012147904941387837,0.14762860940402645,0.058343827724042896,0.012801640769817204
cosine+811,wsd,test,momentum_baseline,none,aligned,full,16454,0.03772038950173981,0.04727466039406645,0.9263125221222073,0.02083323488154805,0.19079639100935175,0.04566822982802332,0.013282397319634065
cosine+811,wsd,test,momentum_baseline,none,aligned,pre_tail_1000_27125,13063,0.037452139062562194,0.04691294751646918,0.9264417911562046,0.020133221316229355,0.19079639100935175,0.02707568086042933,0.013018561923132648
cosine+811,wsd,test,momentum_baseline,none,aligned,tail_27126_33906,3391,0.03875375885797014,0.04864293911703619,0.16530596920383311,0.02352986631881083,0.17018541155138633,0.04566822982802332,0.014298758801349799
cosine+811,wsd,test,momentum_baseline,none,aligned,early_decay_27126_30000,1438,0.0457455260570762,0.056200108179740284,-0.5263705356798856,0.0394138975420894,0.17018541155138633,0.0826127090682327,0.016657533464664632
cosine+811,wsd,test,momentum_baseline,none,aligned,endpoint_30000_33906,1954,0.033630779184426494,0.04225317405807368,-0.029384434072413423,0.011870626781285157,0.1463478837697627,0.04566822982802332,0.012571284458576732
cosine+811,wsd,test,momentum_baseline,none,aligned,last_2048_sampled,2048,0.033818500438614396,0.042537748476090195,-0.03152059913986127,0.012689153799092266,0.16124220174539472,0.04566822982802332,0.012634277024229576
cosine+811,wsd,test,momentum_baseline,none,aligned,last_512_sampled,512,0.032466789435841165,0.04040861527782263,0.0016626177046190627,0.0014885610279139413,0.13557383403272016,0.04566822982802332,0.012203736243880117
cosine+811,cosine,train,step_reference,none,aligned,full,16454,0.029867126352580382,0.037386078578623944,0.9598727164528886,-0.006447874778988452,0.15377878131907297,0.012411137057137811,0.010620851689423982
cosine+811,cosine,train,step_reference,none,aligned,pre_tail_1000_27125,13063,0.030029419384888945,0.037509340953092114,0.9611766765383879,-0.007580392203537005,0.15377878131907297,0.017102403996910542,0.010540987775808367
cosine+811,cosine,train,step_reference,none,aligned,tail_27126_33906,3391,0.029241932049706067,0.03690739307957865,0.17957348115201743,-0.0020851277672285754,0.13042034023780502,0.012411137057137811,0.010928507927572247
cosine+811,cosine,train,step_reference,none,aligned,early_decay_27126_30000,1438,0.03028479304550614,0.03816305016103162,0.09037551921479314,-0.010691871144014403,0.13042034023780502,0.038417854640566684,0.01128069471532193
cosine+811,cosine,train,step_reference,none,aligned,endpoint_30000_33906,1954,0.028479159178994892,0.03595613252027956,0.18620680002565204,0.004269529325005721,0.12268751484388707,0.012411137057137811,0.010671167248130015
cosine+811,cosine,train,step_reference,none,aligned,last_2048_sampled,2048,0.0283798506230305,0.03582723580172826,0.18970805656940803,0.004129905788111982,0.12268751484388707,0.012411137057137811,0.01063308954710135
cosine+811,cosine,train,step_reference,none,aligned,last_512_sampled,512,0.02969692362319925,0.037550893668472,0.13797776558005148,0.007461694696912183,0.11106577547740093,0.012411137057137811,0.01113498778773535
cosine+811,811,train,step_reference,none,aligned,full,16454,0.02978646710148663,0.03741791010516575,0.9553095854078849,0.006145768359727645,0.16230748860645194,0.02965318140121287,0.010472617523703064
cosine+811,811,train,step_reference,none,aligned,pre_tail_1000_27125,13063,0.02992921716125409,0.03755138166663399,0.9527261461759615,0.007299557912031897,0.16230748860645194,0.014025262351526013,0.010367439045049864
cosine+811,811,train,step_reference,none,aligned,tail_27126_33906,3391,0.029236557331288344,0.03689923155440227,0.3370049040834524,0.001701075666790321,0.13051344262438258,0.02965318140121287,0.010877791946188096
cosine+811,811,train,step_reference,none,aligned,early_decay_27126_30000,1438,0.03006666877826665,0.03807017101360956,0.15102119851886886,0.01050274588453689,0.13051344262438258,0.03722984992651046,0.01109077323804359
cosine+811,811,train,step_reference,none,aligned,endpoint_30000_33906,1954,0.02862974721452295,0.03601336991120728,0.2292817795844041,-0.00475812238789742,0.12462580408251611,0.02965318140121287,0.010722645826556456
cosine+811,811,train,step_reference,none,aligned,last_2048_sampled,2048,0.02852361405750431,0.03587376464806916,0.24209901928939637,-0.004572865520008119,0.12462580408251611,0.02965318140121287,0.01067904373682848
cosine+811,811,train,step_reference,none,aligned,last_512_sampled,512,0.02986983437603175,0.03765094603586087,0.12969259309679393,-0.008333983879590256,0.10924691345774251,0.02965318140121287,0.011214474210522102
cosine+811,wsd,test,step_reference,none,aligned,full,16454,0.031382134047902605,0.03939791398775265,0.9488219997466268,0.013753350232266932,0.16865681378650565,0.016910959833293493,0.011048621012778405
cosine+811,wsd,test,step_reference,none,aligned,pre_tail_1000_27125,13063,0.030966434342331657,0.03885756033555677,0.9495342461595498,0.012455019697252653,0.16865681378650565,0.018935969825280896,0.010751994603424185
cosine+811,wsd,test,step_reference,none,aligned,tail_27126_33906,3391,0.03298351572111798,0.04141365357572336,0.39497296078529975,0.018754851789002863,0.1556328774288036,0.016910959833293493,0.012191301869574095
cosine+811,wsd,test,step_reference,none,aligned,early_decay_27126_30000,1438,0.03710498410663809,0.0459042839577005,-0.018338364995066803,0.028517547168968486,0.1556328774288036,0.06519395804689898,0.013541326502879123
cosine+811,wsd,test,step_reference,none,aligned,endpoint_30000_33906,1954,0.02996690308240144,0.0377865341017852,0.17674753997535442,0.011593993626191876,0.1303897024055538,0.016910959833293493,0.011203995565533503
cosine+811,wsd,test,step_reference,none,aligned,last_2048_sampled,2048,0.030165079085004536,0.0380243394735213,0.17576269959007917,0.012318162660783063,0.1303897024055538,0.016910959833293493,0.011271535672925163
cosine+811,wsd,test,step_reference,none,aligned,last_512_sampled,512,0.02941960237177981,0.037140051608401274,0.1566372741756774,0.005317298704144081,0.10966548266199627,0.016910959833293493,0.011058040644164886
cosine+811,cosine,train,step_base_for_leftover,none,aligned,full,16454,0.029678070433640354,0.03713932357264641,0.9604006633383595,-0.004743155082660617,0.1573345935517212,0.019665477760724137,0.01054782520313589
cosine+811,cosine,train,step_base_for_leftover,none,aligned,pre_tail_1000_27125,13063,0.02984278625014062,0.03726848922542646,0.9616736537421714,-0.005726789829864011,0.1573345935517212,0.015157255512194379,0.010468362964309728
cosine+811,cosine,train,step_base_for_leftover,none,aligned,tail_27126_33906,3391,0.029043542945895458,0.03663748870553451,0.19152918988507883,-0.0009539422537847856,0.12664705428934342,0.019665477760724137,0.010853934087177816
cosine+811,cosine,train,step_base_for_leftover,none,aligned,early_decay_27126_30000,1438,0.029658316029450852,0.03726768439319713,0.13255728994083849,-0.008093048274949654,0.11870425416105457,0.042683803764248296,0.011044395912497064
cosine+811,cosine,train,step_base_for_leftover,none,aligned,endpoint_30000_33906,1954,0.02859809594828322,0.03617009071117838,0.17649297624623883,0.004322246182475763,0.12664705428934342,0.019665477760724137,0.010716468271049818
cosine+811,cosine,train,step_base_for_leftover,none,aligned,last_2048_sampled,2048,0.028501936389932436,0.03604967945395689,0.1796149615039523,0.004205903750450242,0.12664705428934342,0.019665477760724137,0.010679527676054401
cosine+811,cosine,train,step_base_for_leftover,none,aligned,last_512_sampled,512,0.029721520337546645,0.0375159163115939,0.13958290537615592,0.006489798622047643,0.11158246446574394,0.019665477760724137,0.011146029274235681
cosine+811,811,train,step_base_for_leftover,none,aligned,full,16454,0.030525246700792864,0.03839256677253008,0.9529510835884197,0.007898160284057305,0.16577683069692073,0.0368548133319484,0.010736058105027096
cosine+811,811,train,step_base_for_leftover,none,aligned,pre_tail_1000_27125,13063,0.030658415577679933,0.03850931903617436,0.950283466024767,0.009205194991589966,0.16577683069692073,0.016057981087857165,0.010625372623065175
cosine+811,811,train,step_base_for_leftover,none,aligned,tail_27126_33906,3391,0.03001224609956145,0.03793944941101577,0.299097320481445,0.0028631280267588264,0.13656072130283547,0.0368548133319484,0.011162446913894272
cosine+811,811,train,step_base_for_leftover,none,aligned,early_decay_27126_30000,1438,0.03143431763859931,0.0399909257893694,0.06319304311264806,0.01317050614573176,0.13656072130283547,0.041522316798914716,0.011590568093907811
cosine+811,811,train,step_base_for_leftover,none,aligned,endpoint_30000_33906,1954,0.02897159676361617,0.036357850247871054,0.21446688948622328,-0.0047025580256009085,0.1255031219511098,0.0368548133319484,0.010849647057804949
cosine+811,811,train,step_base_for_leftover,none,aligned,last_2048_sampled,2048,0.028858717932220904,0.03622023301211621,0.22738872865140203,-0.004493985451847402,0.1255031219511098,0.0368548133319484,0.01080352393604754
cosine+811,811,train,step_base_for_leftover,none,aligned,last_512_sampled,512,0.030308942421999222,0.03802775885300757,0.11218524964116294,-0.009298995949292883,0.11712346114692052,0.0368548133319484,0.011377653600576736
cosine+811,wsd,test,step_base_for_leftover,none,aligned,full,16454,0.032255494928812876,0.04051972088164574,0.9458660463421464,0.01550924219719583,0.17212615587697444,0.02412931495518711,0.01136093622596507
cosine+811,wsd,test,step_base_for_leftover,none,aligned,pre_tail_1000_27125,13063,0.03186777446008394,0.04002061780680587,0.9464680230571905,0.014360656776810723,0.17212615587697444,0.020968688561612048,0.011072477494930602
cosine+811,wsd,test,step_base_for_leftover,none,aligned,tail_27126_33906,3391,0.033749093419820304,0.04238750404151077,0.36618373500123125,0.01993388724187017,0.1567801701533451,0.02412931495518711,0.012472153095178646
cosine+811,wsd,test,step_base_for_leftover,none,aligned,early_decay_27126_30000,1438,0.03854837699330654,0.0475718423693166,-0.09366827232842634,0.031222581578233252,0.1567801701533451,0.06953819743680034,0.01406622191373908
cosine+811,wsd,test,step_base_for_leftover,none,aligned,endpoint_30000_33906,1954,0.03023549020863493,0.03814491602401774,0.1610574039793332,0.011651626164339368,0.13437034918128976,0.02412931495518711,0.011305923568762304
cosine+811,wsd,test,step_base_for_leftover,none,aligned,last_2048_sampled,2048,0.03043866999832008,0.038397482258032405,0.15950641321288395,0.012399356206055277,0.13462146578446177,0.02412931495518711,0.011375333305169794
cosine+811,wsd,test,step_base_for_leftover,none,aligned,last_512_sampled,512,0.02954875944698098,0.037161149001340876,0.15567885825375183,0.004348535885938358,0.10943645850864625,0.02412931495518711,0.011107929740392057
cosine+811,cosine,train,event_decay_only,linear_endpoint,aligned,full,16454,0.0323683611144546,0.04046511842126226,0.9529909404106075,0.000444768484202675,0.17403825925479754,0.037952461765921264,0.011492684547420562
cosine+811,cosine,train,event_decay_only,linear_endpoint,aligned,pre_tail_1000_27125,13063,0.03252947768604006,0.04058257598763745,0.9545542720665459,-5.669936707252732e-05,0.17403825925479754,0.011899886129183912,0.011396358003544655
cosine+811,cosine,train,event_decay_only,linear_endpoint,aligned,tail_27126_33906,3391,0.03174769883942631,0.040009419174884917,0.03586590212086593,0.002376551008888009,0.13927296324989635,0.037952461765921264,0.011863759051298767
cosine+811,cosine,train,event_decay_only,linear_endpoint,aligned,early_decay_27126_30000,1438,0.03166979129654138,0.03979971856476712,0.010681829228559647,-0.0020471009872087454,0.13643340229074408,0.054699838793657474,0.011792983720808588
cosine+811,cosine,train,event_decay_only,linear_endpoint,aligned,endpoint_30000_33906,1954,0.03181677928293847,0.0401719073465943,-0.015811245820116948,0.005658810404062985,0.13927296324989635,0.037952461765921264,0.011920327738884065
cosine+811,cosine,train,event_decay_only,linear_endpoint,aligned,last_2048_sampled,2048,0.03172037476256318,0.04007896883993988,-0.014023442805411124,0.005519000044727392,0.13927296324989635,0.037952461765921264,0.011883158724074305
cosine+811,cosine,train,event_decay_only,linear_endpoint,aligned,last_512_sampled,512,0.032424799264152177,0.04093966257803642,-0.024628499417054472,0.0063487762544972015,0.12887837753672837,0.037952461765921264,0.012158623077224191
cosine+811,811,train,event_decay_only,linear_endpoint,aligned,full,16454,0.03283653396618172,0.04104270796880091,0.9462315714275158,-0.0010269793643569683,0.17969241969411165,0.05520558505156137,0.011539637446106315
cosine+811,811,train,event_decay_only,linear_endpoint,aligned,pre_tail_1000_27125,13063,0.03258214112167733,0.04065769134121223,0.94458152191855,-0.0013236389402538165,0.17969241969411165,0.017302992734815614,0.011270899946990112
cosine+811,811,train,event_decay_only,linear_endpoint,aligned,tail_27126_33906,3391,0.0338165203205789,0.042493299334283474,0.12074149579965188,0.00011582925845061835,0.1475875051044926,0.05520558505156137,0.012574883081893685
cosine+811,811,train,event_decay_only,linear_endpoint,aligned,early_decay_27126_30000,1438,0.03558418593154834,0.04504675554995583,-0.18865062890903217,0.007115986334807014,0.1475875051044926,0.04146333600552898,0.013116536086787815
cosine+811,811,train,event_decay_only,linear_endpoint,aligned,endpoint_30000_33906,1954,0.03251956211541558,0.04051092260335339,0.024758058493734802,-0.005014610029703638,0.1447627416001831,0.05520558505156137,0.012177798080700408
cosine+811,811,train,event_decay_only,linear_endpoint,aligned,last_2048_sampled,2048,0.03248932312269084,0.04047023032523163,0.035438525116509356,-0.005310199911040649,0.1447627416001831,0.05520558505156137,0.012161807565760427
cosine+811,811,train,event_decay_only,linear_endpoint,aligned,last_512_sampled,512,0.033607990049457956,0.0414906123044587,-0.05686759449930645,-0.009650910280799396,0.1447627416001831,0.05520558505156137,0.012617488222681078
cosine+811,wsd,test,event_decay_only,linear_endpoint,aligned,full,16454,0.03258820436373039,0.04082658749335238,0.9450429998970236,0.004823371799976865,0.18696800105397493,0.0425226997194974,0.01145373238746944
cosine+811,wsd,test,event_decay_only,linear_endpoint,aligned,pre_tail_1000_27125,13063,0.032638822976317615,0.04082562501452142,0.9442927923998173,0.0038318228449669392,0.18696800105397493,0.012392285261060731,0.011312890100028969
cosine+811,wsd,test,event_decay_only,linear_endpoint,aligned,tail_27126_33906,3391,0.032393208511112576,0.04083029499613123,0.4118979045296681,0.008643072183136601,0.14375127726720072,0.0425226997194974,0.01199629293032845
cosine+811,wsd,test,event_decay_only,linear_endpoint,aligned,early_decay_27126_30000,1438,0.032879184892041904,0.04151244037819556,0.16719715399881108,0.01161030644041354,0.14375127726720072,0.06637487630779626,0.012016930047432801
cosine+811,wsd,test,event_decay_only,linear_endpoint,aligned,endpoint_30000_33906,1954,0.0320529565315938,0.04033829083258578,0.06180329140823537,0.006488951887415219,0.13990529700645116,0.0425226997194974,0.011987640443997692
cosine+811,wsd,test,event_decay_only,linear_endpoint,aligned,last_2048_sampled,2048,0.03199417590232872,0.04031785553993715,0.07333287487054396,0.006777937735137509,0.14375127726720072,0.0425226997194974,0.01196041558863267
cosine+811,wsd,test,event_decay_only,linear_endpoint,aligned,last_512_sampled,512,0.03238313836689498,0.04046656137082828,-0.0012026737080212957,0.0027545348831037857,0.13316260312255768,0.0425226997194974,0.012172297584816246
cosine+811,cosine,train,step_plus_event_leftover,linear_endpoint,aligned,full,16454,0.029056292844636688,0.036421993110804025,0.9619155798522313,0.0005123687481303739,0.16030878790549918,0.01812359794560381,0.010319720098813923
cosine+811,cosine,train,step_plus_event_leftover,linear_endpoint,aligned,pre_tail_1000_27125,13063,0.0291713736697733,0.036496047471843006,0.9632459240153062,0.00014004732741265284,0.16030878790549918,0.004381205620615614,0.010222608236168758
cosine+811,cosine,train,step_plus_event_leftover,linear_endpoint,aligned,tail_27126_33906,3391,0.028612972048777174,0.03613529838489905,0.21354072312868833,0.001946646164478233,0.1269879683844164,0.01812359794560381,0.010693819851610692
cosine+811,cosine,train,step_plus_event_leftover,linear_endpoint,aligned,early_decay_27126_30000,1438,0.028556543645457424,0.03597459246836806,0.19170898848510187,-0.002299167050819549,0.11973124262933332,0.044756300766189305,0.010634348370887543
cosine+811,cosine,train,step_plus_event_leftover,linear_endpoint,aligned,endpoint_30000_33906,1954,0.0286627608781995,0.03625803294401534,0.17248363673181466,0.005093160523843596,0.1269879683844164,0.01812359794560381,0.010740765909918858
cosine+811,cosine,train,step_plus_event_leftover,linear_endpoint,aligned,last_2048_sampled,2048,0.028574819995128974,0.036142075656928424,0.17540423880719214,0.005044840895067818,0.1269879683844164,0.01812359794560381,0.010706900653653435
cosine+811,cosine,train,step_plus_event_leftover,linear_endpoint,aligned,last_512_sampled,512,0.02986751485499063,0.037693270019123426,0.13142856049917395,0.007427094980549036,0.11292861729440462,0.01812359794560381,0.011200715101727973
cosine+811,811,train,step_plus_event_leftover,linear_endpoint,aligned,full,16454,0.029371424553409214,0.03681653240012718,0.9567345632255427,-0.001022296411485197,0.15795857294573334,0.03549816023212804,0.01032394774621089
cosine+811,811,train,step_plus_event_leftover,linear_endpoint,aligned,pre_tail_1000_27125,13063,0.029220122511392135,0.03657054693707753,0.9551634614588526,-0.0011780399615160873,0.15795857294573334,0.010840728719064163,0.010111479544438714
cosine+811,811,train,step_plus_event_leftover,linear_endpoint,aligned,tail_27126_33906,3391,0.029954278748298376,0.0377491533505871,0.30611083915860515,-0.00042233239082653664,0.13173990331530216,0.03549816023212804,0.011142429645281938
cosine+811,811,train,step_plus_event_leftover,linear_endpoint,aligned,early_decay_27126_30000,1438,0.030995525878347016,0.03926024552865299,0.09711338771642053,0.006600061085267344,0.13173990331530216,0.03099862919220886,0.011431695735527714
cosine+811,811,train,step_plus_event_leftover,linear_endpoint,aligned,endpoint_30000_33906,1954,0.02918853206325946,0.03659402384342224,0.2042283998040787,-0.005574216145708813,0.12528748126445377,0.03549816023212804,0.010929816786829251
cosine+811,811,train,step_plus_event_leftover,linear_endpoint,aligned,last_2048_sampled,2048,0.029149812440061977,0.036516326504779796,0.21470519756914663,-0.00580112274121885,0.12528748126445377,0.03549816023212804,0.010911192968331377
cosine+811,811,train,step_plus_event_leftover,linear_endpoint,aligned,last_512_sampled,512,0.030139359291717616,0.03785363987231746,0.12029677139989126,-0.008546629746572562,0.11605420165559499,0.03549816023212804,0.011313937917912013
cosine+811,wsd,test,step_plus_event_leftover,linear_endpoint,aligned,full,16454,0.029321510306747792,0.036814405767414064,0.9553139007018369,0.004719494768588693,0.16521706480439935,0.022769511518145436,0.010309668516371634
cosine+811,wsd,test,step_plus_event_leftover,linear_endpoint,aligned,pre_tail_1000_27125,13063,0.029342836463714047,0.03678415714040844,0.9547761717222027,0.003977421823704669,0.16521706480439935,0.00593002124530928,0.010174665041034642
cosine+811,wsd,test,step_plus_event_leftover,linear_endpoint,aligned,tail_27126_33906,3391,0.029239356491221342,0.03693069966796871,0.5188696395923311,0.007578149701947587,0.13676040367023345,0.022769511518145436,0.010829736460437436
cosine+811,wsd,test,step_plus_event_leftover,linear_endpoint,aligned,early_decay_27126_30000,1438,0.02994905608737942,0.0377748822691338,0.31040848379036545,0.010264099729938487,0.13676040367023345,0.05560293552985307,0.010948248786645746
cosine+811,wsd,test,step_plus_event_leftover,linear_endpoint,aligned,endpoint_30000_33906,1954,0.028730561997753236,0.03630908310372839,0.23986718169510524,0.005626066101935812,0.12725818994247318,0.022769511518145436,0.010747616361523198
cosine+811,wsd,test,step_plus_event_leftover,linear_endpoint,aligned,last_2048_sampled,2048,0.028711070858516274,0.03628381696715839,0.24949283599640626,0.005987473527099238,0.12725818994247318,0.022769511518145436,0.01073552484152325
cosine+811,wsd,test,step_plus_event_leftover,linear_endpoint,aligned,last_512_sampled,512,0.029420496175889536,0.037092137066910155,0.15881192232173535,0.0037860239717787438,0.109353203328165,0.022769511518145436,0.011059695281435068
